title,description
the hunger games the hunger games 1,placeholder
harry potter and the sorcerers stone harry potter 1,placeholder
twilight twilight 1,placeholder
to kill a mockingbird,placeholder
the great gatsby,placeholder
the fault in our stars,placeholder
the hobbit,placeholder
the catcher in the rye,placeholder
angels  demons  robert langdon 1,placeholder
pride and prejudice,placeholder
the kite runner,placeholder
divergent divergent 1,placeholder
1984,placeholder
animal farm,placeholder
the diary of a young girl,placeholder
the girl with the dragon tattoo millennium 1,placeholder
catching fire the hunger games 2,placeholder
harry potter and the prisoner of azkaban harry potter 3,placeholder
the fellowship of the ring the lord of the rings 1,placeholder
mockingjay the hunger games 3,placeholder
harry potter and the order of the phoenix harry potter 5,placeholder
the lovely bones,placeholder
harry potter and the chamber of secrets harry potter 2,placeholder
harry potter and the goblet of fire harry potter 4,placeholder
harry potter and the deathly hallows harry potter 7,placeholder
the da vinci code robert langdon 2,placeholder
harry potter and the halfblood prince harry potter 6,placeholder
lord of the flies,placeholder
romeo and juliet,placeholder
gone girl,placeholder
the help,placeholder
of mice and men,placeholder
memoirs of a geisha,placeholder
fifty shades of grey fifty shades 1,placeholder
the alchemist,placeholder
the giver the giver 1,placeholder
the lion the witch and the wardrobe chronicles of narnia 1,placeholder
the time travelers wife,placeholder
a game of thrones a song of ice and fire 1,placeholder
eat pray love,placeholder
the lightning thief percy jackson and the olympians 1,placeholder
little women little women 1,placeholder
jane eyre,placeholder
the notebook the notebook 1,placeholder
life of pi,placeholder
water for elephants,placeholder
the book thief,placeholder
fahrenheit 451,placeholder
new moon twilight 2,placeholder
where the sidewalk ends,placeholder
city of bones the mortal instruments 1,placeholder
eclipse twilight 3,placeholder
eragon the inheritance cycle 1,placeholder
the hitchhikers guide to the galaxy hitchhikers guide to the galaxy 1,placeholder
brave new world,placeholder
breaking dawn twilight 4,placeholder
the secret life of bees,placeholder
the adventures of huckleberry finn,placeholder
charlottes web,placeholder
the curious incident of the dog in the nighttime,placeholder
the girl on the train,placeholder
the golden compass his dark materials 1,placeholder
the hunger games the hunger games 1,placeholder
harry potter and the sorcerers stone harry potter 1,placeholder
twilight twilight 1,placeholder
to kill a mockingbird,placeholder
the great gatsby,placeholder
the fault in our stars,placeholder
the hobbit,placeholder
the catcher in the rye,placeholder
angels  demons  robert langdon 1,placeholder
pride and prejudice,placeholder
the kite runner,placeholder
divergent divergent 1,placeholder
1984,placeholder
animal farm,placeholder
the diary of a young girl,placeholder
the girl with the dragon tattoo millennium 1,placeholder
catching fire the hunger games 2,placeholder
harry potter and the prisoner of azkaban harry potter 3,placeholder
the fellowship of the ring the lord of the rings 1,placeholder
mockingjay the hunger games 3,placeholder
harry potter and the order of the phoenix harry potter 5,placeholder
the lovely bones,placeholder
harry potter and the chamber of secrets harry potter 2,placeholder
harry potter and the goblet of fire harry potter 4,placeholder
harry potter and the deathly hallows harry potter 7,placeholder
the da vinci code robert langdon 2,placeholder
harry potter and the halfblood prince harry potter 6,placeholder
lord of the flies,placeholder
romeo and juliet,placeholder
gone girl,placeholder
the help,placeholder
of mice and men,placeholder
memoirs of a geisha,placeholder
fifty shades of grey fifty shades 1,placeholder
the alchemist,placeholder
the giver the giver 1,placeholder
the lion the witch and the wardrobe chronicles of narnia 1,placeholder
the time travelers wife,placeholder
a game of thrones a song of ice and fire 1,placeholder
eat pray love,placeholder
the lightning thief percy jackson and the olympians 1,placeholder
little women little women 1,placeholder
jane eyre,placeholder
the notebook the notebook 1,placeholder
life of pi,placeholder
water for elephants,placeholder
the book thief,placeholder
fahrenheit 451,placeholder
new moon twilight 2,placeholder
where the sidewalk ends,placeholder
city of bones the mortal instruments 1,placeholder
eclipse twilight 3,placeholder
eragon the inheritance cycle 1,placeholder
the hitchhikers guide to the galaxy hitchhikers guide to the galaxy 1,placeholder
brave new world,placeholder
breaking dawn twilight 4,placeholder
the secret life of bees,placeholder
the adventures of huckleberry finn,placeholder
charlottes web,placeholder
the curious incident of the dog in the nighttime,placeholder
the girl on the train,placeholder
the golden compass his dark materials 1,placeholder
wuthering heights,placeholder
my sisters keeper,placeholder
slaughterhousefive,placeholder
gone with the wind,placeholder
a thousand splendid suns,placeholder
the perks of being a wallflower,placeholder
insurgent divergent 2,placeholder
enders game enders saga 1,placeholder
frankenstein,placeholder
the shining the shining 1,placeholder
the host the host 1,placeholder
looking for alaska,placeholder
bridget joness diary bridget jones 1,placeholder
sense and sensibility,placeholder
holes holes 1,placeholder
the devil wears prada the devil wears prada 1,placeholder
the odyssey,placeholder
the little prince,placeholder
the glass castle,placeholder
into the wild,placeholder
a tale of two cities,placeholder
jurassic park jurassic park 1,placeholder
the giving tree,placeholder
a time to kill,placeholder
night the night trilogy 1,placeholder
paper towns,placeholder
the princess bride ,placeholder
the outsiders,placeholder
the maze runner maze runner 1,placeholder
freakonomics a rogue economist explores the hidden side of everything freakonomics 1,placeholder
the secret garden,placeholder
one hundred years of solitude,placeholder
the picture of dorian gray,placeholder
fifty shades freed fifty shades 3,placeholder
dracula,placeholder
the girl who played with fire millennium 2,placeholder
fifty shades darker fifty shades 2,placeholder
the poisonwood bible,placeholder
me talk pretty one day,placeholder
where the wild things are,placeholder
the count of monte cristo,placeholder
the road,placeholder
allegiant divergent 3,placeholder
bossypants,placeholder
a walk to remember,placeholder
confessions of a shopaholic shopaholic 1,placeholder
les misérables,placeholder
a clash of kings  a song of ice and fire 2,placeholder
the memory keepers daughter,placeholder
me before you me before you 1,placeholder
catch22,placeholder
tuesdays with morrie,placeholder
middlesex,placeholder
the adventures of tom sawyer,placeholder
a wrinkle in time a wrinkle in time quintet 1,placeholder
the joy luck club,placeholder
the handmaids tale,placeholder
the sisterhood of the traveling pants sisterhood 1,placeholder
lolita,placeholder
wicked the life and times of the wicked witch of the west the wicked years 1,placeholder
the firm penguin readers level 5,placeholder
room,placeholder
hamlet,placeholder
dune dune chronicles 1,placeholder
the tipping point how little things can make a big difference,placeholder
steve jobs,placeholder
one flew over the cuckoos nest,placeholder
the old man and the sea,placeholder
the grapes of wrath,placeholder
the five people you meet in heaven,placeholder
anne of green gables anne of green gables 1,placeholder
city of glass the mortal instruments 3,placeholder
a storm of swords a song of ice and fire 3,placeholder
divine secrets of the yaya sisterhood,placeholder
outlander outlander 1,placeholder
the scarlet letter,placeholder
miss peregrines home for peculiar children miss peregrines peculiar children 1,placeholder
the girl who kicked the hornets nest millennium 3,placeholder
the martian,placeholder
the pillars of the earth the kingsbridge series 1,placeholder
all the light we cannot see,placeholder
unbroken a world war ii story of survival resilience and redemption,placeholder
deception point,placeholder
the goldfinch,placeholder
thirteen reasons why,placeholder
girl with a pearl earring,placeholder
if i stay if i stay 1,placeholder
the hunger games the hunger games 1,placeholder
harry potter and the sorcerers stone harry potter 1,placeholder
twilight twilight 1,placeholder
to kill a mockingbird,placeholder
the great gatsby,placeholder
the fault in our stars,placeholder
the hobbit,placeholder
the catcher in the rye,placeholder
angels  demons  robert langdon 1,placeholder
pride and prejudice,placeholder
the kite runner,placeholder
divergent divergent 1,placeholder
1984,placeholder
animal farm,placeholder
the diary of a young girl,placeholder
the girl with the dragon tattoo millennium 1,placeholder
catching fire the hunger games 2,placeholder
harry potter and the prisoner of azkaban harry potter 3,placeholder
the fellowship of the ring the lord of the rings 1,placeholder
mockingjay the hunger games 3,placeholder
harry potter and the order of the phoenix harry potter 5,placeholder
the lovely bones,placeholder
harry potter and the chamber of secrets harry potter 2,placeholder
harry potter and the goblet of fire harry potter 4,placeholder
harry potter and the deathly hallows harry potter 7,placeholder
the da vinci code robert langdon 2,placeholder
harry potter and the halfblood prince harry potter 6,placeholder
lord of the flies,placeholder
romeo and juliet,placeholder
gone girl,placeholder
the help,placeholder
of mice and men,placeholder
memoirs of a geisha,placeholder
fifty shades of grey fifty shades 1,placeholder
the alchemist,placeholder
the giver the giver 1,placeholder
the lion the witch and the wardrobe chronicles of narnia 1,placeholder
the time travelers wife,placeholder
a game of thrones a song of ice and fire 1,placeholder
eat pray love,placeholder
the lightning thief percy jackson and the olympians 1,placeholder
little women little women 1,placeholder
jane eyre,placeholder
the notebook the notebook 1,placeholder
life of pi,placeholder
water for elephants,placeholder
the book thief,placeholder
fahrenheit 451,placeholder
new moon twilight 2,placeholder
where the sidewalk ends,placeholder
city of bones the mortal instruments 1,placeholder
eclipse twilight 3,placeholder
eragon the inheritance cycle 1,placeholder
the hitchhikers guide to the galaxy hitchhikers guide to the galaxy 1,placeholder
brave new world,placeholder
breaking dawn twilight 4,placeholder
the secret life of bees,placeholder
the adventures of huckleberry finn,placeholder
charlottes web,placeholder
the curious incident of the dog in the nighttime,placeholder
the girl on the train,placeholder
the golden compass his dark materials 1,placeholder
wuthering heights,placeholder
my sisters keeper,placeholder
slaughterhousefive,placeholder
gone with the wind,placeholder
a thousand splendid suns,placeholder
the perks of being a wallflower,placeholder
insurgent divergent 2,placeholder
enders game enders saga 1,placeholder
frankenstein,placeholder
the shining the shining 1,placeholder
the host the host 1,placeholder
looking for alaska,placeholder
bridget joness diary bridget jones 1,placeholder
sense and sensibility,placeholder
holes holes 1,placeholder
the devil wears prada the devil wears prada 1,placeholder
the odyssey,placeholder
the little prince,placeholder
the glass castle,placeholder
into the wild,placeholder
a tale of two cities,placeholder
jurassic park jurassic park 1,placeholder
the giving tree,placeholder
a time to kill,placeholder
night the night trilogy 1,placeholder
paper towns,placeholder
the princess bride ,placeholder
the outsiders,placeholder
the maze runner maze runner 1,placeholder
freakonomics a rogue economist explores the hidden side of everything freakonomics 1,placeholder
the secret garden,placeholder
one hundred years of solitude,placeholder
the picture of dorian gray,placeholder
fifty shades freed fifty shades 3,placeholder
dracula,placeholder
the girl who played with fire millennium 2,placeholder
fifty shades darker fifty shades 2,placeholder
the poisonwood bible,placeholder
me talk pretty one day,placeholder
where the wild things are,placeholder
the count of monte cristo,placeholder
the road,placeholder
allegiant divergent 3,placeholder
bossypants,placeholder
a walk to remember,placeholder
confessions of a shopaholic shopaholic 1,placeholder
les misérables,placeholder
a clash of kings  a song of ice and fire 2,placeholder
the memory keepers daughter,placeholder
me before you me before you 1,placeholder
catch22,placeholder
tuesdays with morrie,placeholder
middlesex,placeholder
the adventures of tom sawyer,placeholder
a wrinkle in time a wrinkle in time quintet 1,placeholder
the joy luck club,placeholder
the handmaids tale,placeholder
the sisterhood of the traveling pants sisterhood 1,placeholder
lolita,placeholder
wicked the life and times of the wicked witch of the west the wicked years 1,placeholder
the firm penguin readers level 5,placeholder
room,placeholder
hamlet,placeholder
dune dune chronicles 1,placeholder
the tipping point how little things can make a big difference,placeholder
steve jobs,placeholder
one flew over the cuckoos nest,placeholder
the old man and the sea,placeholder
the grapes of wrath,placeholder
the five people you meet in heaven,placeholder
anne of green gables anne of green gables 1,placeholder
city of glass the mortal instruments 3,placeholder
a storm of swords a song of ice and fire 3,placeholder
divine secrets of the yaya sisterhood,placeholder
outlander outlander 1,placeholder
the scarlet letter,placeholder
miss peregrines home for peculiar children miss peregrines peculiar children 1,placeholder
the girl who kicked the hornets nest millennium 3,placeholder
the martian,placeholder
the pillars of the earth the kingsbridge series 1,placeholder
all the light we cannot see,placeholder
unbroken a world war ii story of survival resilience and redemption,placeholder
deception point,placeholder
the goldfinch,placeholder
thirteen reasons why,placeholder
girl with a pearl earring,placeholder
if i stay if i stay 1,placeholder
the red tent,placeholder
the sea of monsters percy jackson and the olympians 2,placeholder
dear john,placeholder
city of ashes the mortal instruments 2,placeholder
macbeth,placeholder
the two towers the lord of the rings 2,placeholder
something borrowed darcy  rachel 1,placeholder
green eggs and ham,placeholder
charlie and the chocolate factory charlie bucket 1,placeholder
the battle of the labyrinth percy jackson and the olympians 4,placeholder
great expectations,placeholder
the return of the king the lord of the rings 3,placeholder
the stranger,placeholder
the lost hero the heroes of olympus 1,placeholder
eleanor  park,placeholder
a feast for crows a song of ice and fire 4,placeholder
matched matched 1,placeholder
american gods american gods 1,placeholder
the stand,placeholder
the last song,placeholder
digital fortress,placeholder
emma,placeholder
anna karenina,placeholder
a clockwork orange,placeholder
the shack,placeholder
the last olympian percy jackson and the olympians 5,placeholder
it,placeholder
crime and punishment,placeholder
the bell jar,placeholder
angelas ashes frank mccourt 1,placeholder
siddhartha,placeholder
in cold blood,placeholder
beautiful creatures caster chronicles 1,placeholder
clockwork angel the infernal devices 1,placeholder
matilda,placeholder
the night circus,placeholder
the other boleyn girl the plantagenet and tudor novels 9,placeholder
uglies uglies 1,placeholder
a dance with dragons a song of ice and fire 5,placeholder
the lord of the rings the lord of the rings 13,placeholder
wild from lost to found on the pacific crest trail,placeholder
watchmen,placeholder
the name of the wind the kingkiller chronicle 1,placeholder
outliers the story of success,placeholder
mobydick or the whale,placeholder
the guernsey literary and potato peel pie society,placeholder
fight club,placeholder
dead until dark sookie stackhouse 1,placeholder
the color purple,placeholder
marley and me life and love with the worlds worst dog,placeholder
and then there were none,placeholder
the lost symbol robert langdon 3,placeholder
hush hush hush hush 1,placeholder
beautiful disaster beautiful 1,placeholder
a christmas carol,placeholder
interview with the vampire the vampire chronicles 1,placeholder
the selection the selection 1,placeholder
one for the money stephanie plum 1,placeholder
the immortal life of henrietta lacks,placeholder
the silence of the lambs  hannibal lecter 2,placeholder
vampire academy vampire academy 1,placeholder
blink the power of thinking without thinking,placeholder
atonement,placeholder
the metamorphosis,placeholder
the titans curse percy jackson and the olympians 3,placeholder
ready player one,placeholder
the art of racing in the rain,placeholder
the devil in the white city murder magic and madness at the fair that changed america,placeholder
bared to you crossfire 1,placeholder
the chronicles of narnia chronicles of narnia 17,placeholder
twilight the complete illustrated movie companion,placeholder
a child called it dave pelzer 1,placeholder
the bourne identity jason bourne 1,placeholder
artemis fowl artemis fowl 1,placeholder
fallen fallen 1,placeholder
east of eden,placeholder
dark places,placeholder
the client,placeholder
the nanny diaries nanny 1,placeholder
alices adventures in wonderland  through the lookingglass,placeholder
persuasion,placeholder
sarahs key,placeholder
the gunslinger the dark tower 1,placeholder
love in the time of cholera,placeholder
speak,placeholder
the husbands secret,placeholder
into thin air a personal account of the mount everest disaster,placeholder
carrie,placeholder
running with scissors,placeholder
world war z an oral history of the zombie war,placeholder
inferno robert langdon 4,placeholder
number the stars,placeholder
along came a spider alex cross 1,placeholder
misery,placeholder
sharp objects,placeholder
bridge to terabithia,placeholder
marked house of night 1,placeholder
the 7 habits of highly effective people powerful lessons in personal change,placeholder
a midsummer nights dream,placeholder
extremely loud and incredibly close,placeholder
wonder,placeholder
the cat in the hat,placeholder
cinder the lunar chronicles 1,placeholder
the cuckoos calling cormoran strike 1,placeholder
shiver the wolves of mercy falls 1,placeholder
atlas shrugged,placeholder
three cups of tea one mans mission to promote peace  one school at a time,placeholder
alice in wonderland,placeholder
the shadow of the wind the cemetery of forgotten books  1,placeholder
the scorch trials maze runner 2,placeholder
how to win friends and influence people,placeholder
under the tuscan sun,placeholder
big little lies,placeholder
ella enchanted,placeholder
the sun also rises,placeholder
a tree grows in brooklyn,placeholder
kiss the girls alex cross 2,placeholder
the nightingale,placeholder
never let me go,placeholder
ps i love you,placeholder
rebecca,placeholder
flowers for algernon,placeholder
like water for chocolate,placeholder
snow flower and the secret fan,placeholder
the godfather,placeholder
an abundance of katherines,placeholder
foundation foundation 1,placeholder
the ocean at the end of the lane,placeholder
a light in the attic,placeholder
harry potter and the cursed child  parts one and two harry potter 8,placeholder
delirium delirium 1,placeholder
the pelican brief,placeholder
coraline,placeholder
good omens the nice and accurate prophecies of agnes nutter witch,placeholder
on the road,placeholder
the rosie project don tillman 1,placeholder
the lucky one,placeholder
the fountainhead,placeholder
the hunt for red october jack ryan universe 4,placeholder
watership down watership down 1,placeholder
is everyone hanging out without me and other concerns,placeholder
cutting for stone,placeholder
the voyage of the dawn treader chronicles of narnia 3,placeholder
treasure island,placeholder
the son of neptune the heroes of olympus 2,placeholder
112263,placeholder
the very hungry caterpillar board book,placeholder
cats cradle,placeholder
the time machine,placeholder
heaven is for real a little boys astounding story of his trip to heaven and back,placeholder
the boy in the striped pajamas,placeholder
heart of darkness,placeholder
safe haven,placeholder
the secret the secret 1,placeholder
i know this much is true,placeholder
pet sematary,placeholder
shes come undone,placeholder
the wise mans fear the kingkiller chronicle 2,placeholder
can you keep a secret,placeholder
city of fallen angels the mortal instruments 4,placeholder
good in bed cannie shapiro 1,placeholder
the thorn birds,placeholder
the graveyard book,placeholder
the light between oceans,placeholder
inkheart inkworld 1,placeholder
who moved my cheese,placeholder
a walk in the woods,placeholder
i know why the caged bird sings,placeholder
orphan train,placeholder
city of lost souls the mortal instruments 5,placeholder
whered you go bernadette,placeholder
where the red fern grows,placeholder
neverwhere,placeholder
the unbearable lightness of being,placeholder
fangirl,placeholder
a prayer for owen meany,placeholder
white oleander,placeholder
legend legend 1,placeholder
nineteen minutes,placeholder
the last lecture,placeholder
the eye of the world wheel of time 1,placeholder
the pact,placeholder
the magicians nephew chronicles of narnia 6,placeholder
still alice,placeholder
reflected in you crossfire 2,placeholder
james and the giant peach,placeholder
1st to die womens murder club 1,placeholder
the ultimate hitchhikers guide to the galaxy,placeholder
one day,placeholder
goodnight moon,placeholder
i am number four lorien legacies 1,placeholder
the iliad,placeholder
the casual vacancy,placeholder
the runaway jury,placeholder
naked,placeholder
eldest the inheritance cycle 2,placeholder
the wonderful wizard of oz oz 1,placeholder
prince caspian chronicles of narnia 2,placeholder
we were liars,placeholder
salems lot,placeholder
fear and loathing in las vegas,placeholder
clockwork prince the infernal devices 2,placeholder
yes please,placeholder
othello,placeholder
beloved,placeholder
graceling graceling realm 1,placeholder
the bad beginning a series of unfortunate events 1,placeholder
all quiet on the western front,placeholder
oh the places youll go,placeholder
and the mountains echoed,placeholder
do androids dream of electric sheep,placeholder
oliver twist,placeholder
the screwtape letters,placeholder
anna and the french kiss anna and the french kiss 1,placeholder
how the grinch stole christmas,placeholder
v for vendetta,placeholder
john adams,placeholder
odd thomas odd thomas 1,placeholder
the subtle knife his dark materials 2,placeholder
stargirl stargirl 1,placeholder
the red pyramid kane chronicles 1,placeholder
stranger in a strange land,placeholder
dress your family in corduroy and denim,placeholder
the bfg,placeholder
a short history of nearly everything,placeholder
the call of the wild,placeholder
the death cure maze runner 3,placeholder
stardust,placeholder
the namesake,placeholder
a discovery of witches all souls trilogy 1,placeholder
norwegian wood,placeholder
where the heart is,placeholder
will grayson will grayson,placeholder
a million little pieces,placeholder
frostbite vampire academy 2,placeholder
quiet the power of introverts in a world that cant stop talking,placeholder
island of the blue dolphins island of the blue dolphins 1,placeholder
the crucible,placeholder
hatchet brians saga 1,placeholder
the final empire mistborn 1,placeholder
the strange case of dr jekyll and mr hyde,placeholder
the lorax,placeholder
diary of a wimpy kid diary of a wimpy kid 1,placeholder
throne of glass throne of glass 1,placeholder
shadow kiss vampire academy 3,placeholder
for whom the bell tolls,placeholder
hotel on the corner of bitter and sweet,placeholder
perfume the story of a murderer,placeholder
fast food nation the dark side of the allamerican meal,placeholder
the tales of beedle the bard,placeholder
neuromancer,placeholder
a farewell to arms,placeholder
the telltale heart and other writings,placeholder
the art of war,placeholder
defending jacob,placeholder
breakfast of champions,placeholder
the new drawing on the right side of the brain,placeholder
bel canto,placeholder
guns germs and steel the fates of human societies,placeholder
fried green tomatoes at the whistle stop cafe,placeholder
things fall apart the african trilogy 1,placeholder
the undomestic goddess,placeholder
the five love languages how to express heartfelt commitment to your mate,placeholder
the three musketeers,placeholder
little bee,placeholder
evermore the immortals 1,placeholder
the witches,placeholder
the thirteenth tale,placeholder
spirit bound vampire academy 5,placeholder
blood promise vampire academy 4,placeholder
message in a bottle,placeholder
the paris wife,placeholder
harry potter boxset harry potter 17,placeholder
the elite the selection 2,placeholder
the name of the rose,placeholder
go ask alice,placeholder
a confederacy of dunces,placeholder
the importance of being earnest,placeholder
the mark of athena the heroes of olympus 3,placeholder
the color of magic discworld 1 rincewind 1,placeholder
kafka on the shore,placeholder
red dragon hannibal lecter 1,placeholder
i robot robot 01,placeholder
dark lover black dagger brotherhood 1,placeholder
crescendo hush hush 2,placeholder
before i fall,placeholder
the god of small things,placeholder
the invention of wings,placeholder
what alice forgot,placeholder
a brief history of time,placeholder
fall of giants the century trilogy 1,placeholder
under the dome,placeholder
snow crash,placeholder
just listen,placeholder
winniethepooh winniethepooh 1,placeholder
before i go to sleep,placeholder
a study in scarlet,placeholder
brisingr the inheritance cycle 3,placeholder
the purpose driven life what on earth am i here for,placeholder
betrayed house of night 2,placeholder
storm front the dresden files 1,placeholder
northanger abbey,placeholder
the 5th wave the 5th wave 1,placeholder
cold mountain,placeholder
if you give a mouse a cookie,placeholder
something blue darcy  rachel 2,placeholder
a streetcar named desire,placeholder
the historian,placeholder
station eleven,placeholder
a man called ove,placeholder
clockwork princess the infernal devices 3,placeholder
the good earth house of earth 1,placeholder
ways of seeing,placeholder
dragonfly in amber outlander 2,placeholder
holy bible king james version,placeholder
in her shoes,placeholder
the hobbit graphic novel,placeholder
the brief wondrous life of oscar wao,placeholder
their eyes were watching god,placeholder
fantastic beasts and where to find them,placeholder
i am malala the story of the girl who stood up for education and was shot by the taliban,placeholder
mansfield park,placeholder
mans search for meaning,placeholder
in the woods dublin murder squad 1,placeholder
the god delusion,placeholder
where she went if i stay 2,placeholder
the world according to garp,placeholder
killing floor jack reacher 1,placeholder
robinson crusoe,placeholder
the prince,placeholder
the amber spyglass his dark materials 3,placeholder
wizards first rule sword of truth 1,placeholder
the kitchen house,placeholder
franny and zooey,placeholder
choke,placeholder
the brothers karamazov,placeholder
the city of ember book of ember 1,placeholder
the andromeda strain,placeholder
the green mile,placeholder
the prophet,placeholder
maus i a survivors tale my father bleeds history maus 1,placeholder
untamed house of night 4,placeholder
speaker for the dead enders saga 2,placeholder
mere christianity,placeholder
the secret history,placeholder
a heartbreaking work of staggering genius,placeholder
the clan of the cave bear earths children 1,placeholder
black beauty,placeholder
war and peace,placeholder
american psycho,placeholder
the princess diaries the princess diaries 1,placeholder
the no 1 ladies detective agency  no 1 ladies detective agency 1,placeholder
the walking dead vol 01 days gone bye,placeholder
2001 a space odyssey space odyssey 1,placeholder
redeeming love,placeholder
left behind left behind 1,placeholder
the one the selection 3,placeholder
the hunger games trilogy boxset the hunger games 13,placeholder
nickel and dimed on not getting by in america,placeholder
remember me,placeholder
the great hunt wheel of time 2,placeholder
postmortem kay scarpetta 1,placeholder
the complete stories and poems,placeholder
the hiding place the triumphant true story of corrie ten boom,placeholder
the adventures of sherlock holmes,placeholder
the prince of tides,placeholder
the amazing adventures of kavalier  clay,placeholder
perfect chemistry perfect chemistry 1,placeholder
peter pan,placeholder
pretties uglies 2,placeholder
the windup bird chronicle,placeholder
the lincoln lawyer mickey haller 1 harry bosch universe 16,placeholder
cloud atlas,placeholder
the things they carried,placeholder
wall and piece,placeholder
pandemonium delirium 2,placeholder
darkly dreaming dexter dexter 1,placeholder
living dead in dallas sookie stackhouse 2,placeholder
the dragon reborn wheel of time 3,placeholder
gullivers travels,placeholder
much ado about nothing,placeholder
beowulf,placeholder
batman year one,placeholder
go set a watchman,placeholder
when you are engulfed in flames,placeholder
daughter of smoke  bone daughter of smoke  bone 1,placeholder
red queen red queen 1,placeholder
the power of habit why we do what we do in life and business,placeholder
midnight in the garden of good and evil,placeholder
hopeless hopeless 1,placeholder
a little princess,placeholder
the truth about forever,placeholder
the horse and his boy chronicles of narnia 5,placeholder
last sacrifice vampire academy 6,placeholder
little house on the prairie little house 2,placeholder
the velveteen rabbit,placeholder
zen and the art of motorcycle maintenance an inquiry into values,placeholder
the war of the worlds,placeholder
pretty little liars pretty little liars 1,placeholder
corduroy,placeholder
the omnivores dilemma a natural history of four meals,placeholder
life after life,placeholder
the rescue,placeholder
needful things,placeholder
voyager outlander 3,placeholder
hamlet screenplay introduction and film diary,placeholder
cujo,placeholder
the virgin suicides,placeholder
dead to the world sookie stackhouse 4,placeholder
tess of the durbervilles,placeholder
madame bovary,placeholder
the phantom tollbooth,placeholder
the way of kings the stormlight archive 1,placeholder
club dead sookie stackhouse 3,placeholder
its kind of a funny story,placeholder
the well of ascension mistborn 2,placeholder
after you me before you 2,placeholder
the language of flowers,placeholder
batman the dark knight returns the dark knight saga 1,placeholder
the angel experiment maximum ride 1,placeholder
high fidelity,placeholder
the guardian,placeholder
oryx and crake maddaddam 1,placeholder
men are from mars women are from venus,placeholder
kitchen confidential adventures in the culinary underbelly,placeholder
timeline,placeholder
candide,placeholder
tuck everlasting,placeholder
christine,placeholder
are you my mother,placeholder
the story of art,placeholder
scarlet the lunar chronicles 2,placeholder
rich dad poor dad,placeholder
silence hush hush 3,placeholder
the magicians the magicians 1,placeholder
death note vol 1 boredom death note 1,placeholder
a great and terrible beauty gemma doyle 1,placeholder
everything is illuminated,placeholder
the bourne supremacy jason bourne 2,placeholder
easy contours of the heart 1,placeholder
david copperfield,placeholder
the absolutely true diary of a parttime indian,placeholder
the master and margarita,placeholder
a wizard of earthsea earthsea cycle 1,placeholder
because of winndixie,placeholder
a separate peace,placeholder
the rainmaker,placeholder
don quixote,placeholder
assassins apprentice farseer trilogy 1,placeholder
the restaurant at the end of the universe hitchhikers guide 2,placeholder
torment fallen 2,placeholder
the tale of peter rabbit,placeholder
the silver chair chronicles of narnia 4,placeholder
the hero of ages mistborn 3,placeholder
girl interrupted,placeholder
are you there vodka its me chelsea,placeholder
jonathan livingston seagull,placeholder
city of heavenly fire the mortal instruments 6,placeholder
love you forever,placeholder
cell,placeholder
the boys in the boat nine americans and their epic quest for gold at the 1936 berlin olympics,placeholder
the silmarillion middleearth universe,placeholder
the drawing of the three the dark tower 2,placeholder
the forgotten garden,placeholder
the trial,placeholder
this lullaby,placeholder
plain truth,placeholder
orange is the new black,placeholder
the hound of the baskervilles,placeholder
thinking fast and slow,placeholder
the mists of avalon avalon 1,placeholder
are you there god its me margaret,placeholder
nights in rodanthe,placeholder
mr mercedes bill hodges trilogy 1,placeholder
all together dead sookie stackhouse 7,placeholder
midwives,placeholder
the polar express,placeholder
the true story of the 3 little pigs,placeholder
patriot games jack ryan universe 2,placeholder
veronika decides to die,placeholder
lean in women work and the will to lead,placeholder
dead as a doornail sookie stackhouse 5,placeholder
shatter me shatter me 1,placeholder
starship troopers,placeholder
ive got your number,placeholder
sophies world,placeholder
the twilight saga breaking dawn part 1 the official illustrated movie companion the twilight saga the official illustrated movie companion 4,placeholder
the martian chronicles,placeholder
a visit from the goon squad,placeholder
heidi,placeholder
prey,placeholder
the last battle chronicles of narnia 7,placeholder
world without end the kingsbridge series 2,placeholder
chosen house of night 3,placeholder
slammed slammed 1,placeholder
beastly beastly 1 kendra chronicles 1,placeholder
the canterbury tales,placeholder
baby proof,placeholder
inheritance the inheritance cycle 4,placeholder
1q84,placeholder
uncle toms cabin,placeholder
the phantom of the opera,placeholder
definitely dead sookie stackhouse 6,placeholder
blindness,placeholder
freedom,placeholder
crossed matched 2,placeholder
id tell you i love you but then id have to kill you gallagher girls 1,placeholder
the white tiger,placeholder
the corrections,placeholder
dreams from my father a story of race and inheritance,placeholder
congo,placeholder
alexander and the terrible horrible no good very bad day,placeholder
interpreter of maladies,placeholder
a peoples history of the united states,placeholder
breakfast at tiffanys,placeholder
the passage the passage 1,placeholder
anansi boys,placeholder
along for the ride,placeholder
everything i never told you,placeholder
the house of the spirits,placeholder
the dead zone,placeholder
the mysterious affair at styles hercule poirot 1,placeholder
murder on the orient express hercule poirot 10,placeholder
americanah,placeholder
suzannes diary for nicholas,placeholder
firestarter,placeholder
entwined with you crossfire 3,placeholder
born to run a hidden tribe superathletes and the greatest race the world has never seen,placeholder
the storied life of aj fikry,placeholder
madeline,placeholder
think and grow rich the landmark bestseller  now revised and updated for the 21st century,placeholder
little house in the big woods little house 1,placeholder
jonathan strange  mr norrell,placeholder
a bend in the road,placeholder
the house of hades the heroes of olympus 4,placeholder
gone gone 1,placeholder
the wedding the notebook 2,placeholder
1776,placeholder
under the banner of heaven a story of violent faith,placeholder
beautiful ruins,placeholder
the audacity of hope thoughts on reclaiming the american dream,placeholder
on writing a memoir of the craft,placeholder
firefly lane firefly lane 1,placeholder
sphere,placeholder
love the one youre with,placeholder
the silkworm cormoran strike 2,placeholder
the vampire lestat the vampire chronicles 2,placeholder
state of wonder,placeholder
the silver linings playbook,placeholder
twenty thousand leagues under the sea,placeholder
the constant princess the plantagenet and tudor novels 6,placeholder
mrs dalloway,placeholder
the hundredyearold man who climbed out of the window and disappeared,placeholder
bag of bones,placeholder
the cider house rules,placeholder
thinner,placeholder
around the world in eighty days,placeholder
walk two moons,placeholder
eleven minutes,placeholder
nine stories,placeholder
julie and julia 365 days 524 recipes 1 tiny apartment kitchen how one girl risked her marriage her job and her sanity to master the art of living,placeholder
unwind unwind 1,placeholder
drums of autumn outlander 4,placeholder
prodigy legend 2,placeholder
king lear,placeholder
death of a salesman,placeholder
the choice,placeholder
the hunger games official illustrated movie companion,placeholder
the sound and the fury,placeholder
a new earth awakening to your lifes purpose,placeholder
bleach volume 01,placeholder
hyperbole and a half unfortunate situations flawed coping mechanisms mayhem and other things that happened,placeholder
the shadow rising wheel of time 4,placeholder
shantaram,placeholder
from dead to worse sookie stackhouse 8,placeholder
the waste lands the dark tower 3,placeholder
the bone collector lincoln rhyme 1,placeholder
the reader,placeholder
brown bear brown bear what do you see,placeholder
hyperion hyperion cantos 1,placeholder
the pearl,placeholder
the exorcist,placeholder
the short second life of bree tanner an eclipse novella twilight 35,placeholder
snow falling on cedars,placeholder
roots the saga of an american family,placeholder
batman the killing joke,placeholder
invisible man,placeholder
a long way gone memoirs of a boy soldier,placeholder
mrs frisby and the rats of nimh rats of nimh 1,placeholder
different seasons,placeholder
the little house collection little house 19,placeholder
the girls guide to hunting and fishing,placeholder
wool omnibus silo 1,placeholder
lamb the gospel according to biff christs childhood pal,placeholder
the power of now a guide to spiritual enlightenment,placeholder
lets pretend this never happened a mostly true memoir,placeholder
the lies of locke lamora gentleman bastard 1,placeholder
sabriel abhorsen  1,placeholder
dead and gone sookie stackhouse 9,placeholder
the storyteller,placeholder
obsidian lux 1,placeholder
life the universe and everything hitchhikers guide 3,placeholder
crown of midnight throne of glass 2,placeholder
scott pilgrim volume 1 scott pilgrims precious little life,placeholder
half broke horses,placeholder
mort death 1 discworld 4,placeholder
the iron king the iron fey 1,placeholder
lonesome dove,placeholder
stiff the curious lives of human cadavers,placeholder
bloodlines bloodlines 1,placeholder
enders shadow enders shadow 1,placeholder
twenties girl,placeholder
schindlers list,placeholder
the bluest eye,placeholder
the white queen the plantagenet and tudor novels 2,placeholder
the autobiography of malcolm x,placeholder
preludes  nocturnes the sandman 1,placeholder
seabiscuit an american legend,placeholder
shutter island,placeholder
the complete sherlock holmes,placeholder
julius caesar,placeholder
in the garden of beasts love terror and an american family in hitlers berlin,placeholder
the republic,placeholder
the taming of the shrew,placeholder
cress the lunar chronicles 3,placeholder
just kids,placeholder
the art book,placeholder
jemima j,placeholder
the hunchback of notredame,placeholder
a fine balance,placeholder
calvin and hobbes,placeholder
specials uglies 3,placeholder
the awakening,placeholder
hunted house of night 5,placeholder
for one more day,placeholder
clear and present danger jack ryan universe 6,placeholder
falling up,placeholder
sht my dad says,placeholder
trainspotting,placeholder
foundation and empire foundation 2,placeholder
the four agreements a practical guide to personal freedom,placeholder
house rules,placeholder
the complete grimms fairy tales,placeholder
from the mixedup files of mrs basil e frankweiler,placeholder
doctor sleep the shining 2,placeholder
about a boy,placeholder
on dublin street on dublin street 1,placeholder
crazy love overwhelmed by a relentless god,placeholder
one fish two fish red fish blue fish,placeholder
watchers,placeholder
the story of my life,placeholder
this is where i leave you,placeholder
abraham lincoln vampire hunter,placeholder
fruits basket vol 1,placeholder
the tempest,placeholder
burned house of night 7,placeholder
wizard and glass the dark tower 4,placeholder
the circle,placeholder
the invention of hugo cabret,placeholder
brave new world  brave new world revisited,placeholder
ouran high school host club vol 1 ouran high school host club 1,placeholder
the good girl,placeholder
fallen too far rosemary beach 1 too far 1,placeholder
landline,placeholder
tempted house of night 6,placeholder
no country for old men,placeholder
wolf hall thomas cromwell 1,placeholder
howls moving castle howls moving castle 1,placeholder
dreamcatcher,placeholder
walden,placeholder
the remains of the day,placeholder
the best of me,placeholder
the sense of an ending,placeholder
a is for alibi kinsey millhone 1,placeholder
oedipus rex  the theban plays 1,placeholder
shanghai girls shanghai girls 1,placeholder
the wind in the willows,placeholder
to all the boys ive loved before to all the boys ive loved before 1,placeholder
persepolis the story of a childhood persepolis 1,placeholder
a room with a view,placeholder
the duff designated ugly fat friend,placeholder
lock and key,placeholder
naked in death in death 1,placeholder
the chamber,placeholder
midnight sun twilight 15,placeholder
naruto vol 01 the tests of the ninja naruto 1,placeholder
the unlikely pilgrimage of harold fry harold fry 1,placeholder
every day every day 1,placeholder
xenocide enders saga 3,placeholder
the merchant of venice,placeholder
shōgun asian saga 1,placeholder
lover awakened black dagger brotherhood 3,placeholder
a court of thorns and roses a court of thorns and roses 1,placeholder
fifty shades trilogy fifty shades 13,placeholder
chicka chicka boom boom,placeholder
smile,placeholder
animal farm  1984,placeholder
the deep end of the ocean cappadora family 1,placeholder
the bonesetters daughter,placeholder
angus thongs and fullfrontal snogging confessions of georgia nicolson 1,placeholder
mr penumbras 24hour bookstore mr penumbras 24hour bookstore 1,placeholder
flowers in the attic dollanganger 1,placeholder
when breath becomes air,placeholder
maniac magee,placeholder
invisible monsters,placeholder
twelfth night,placeholder
gathering blue the giver 2,placeholder
the westing game,placeholder
red rising red rising 1,placeholder
the way of shadows night angel 1,placeholder
the bean trees greer family 1,placeholder
walking disaster beautiful 2,placeholder
words of radiance the stormlight archive 2,placeholder
guess how much i love you,placeholder
the fiery cross outlander 5,placeholder
night shift,placeholder
jaws,placeholder
the history of love,placeholder
pippi longstocking,placeholder
the elegance of the hedgehog,placeholder
team of rivals the political genius of abraham lincoln,placeholder
dead in the family sookie stackhouse 10,placeholder
the plague,placeholder
the reptile room a series of unfortunate events 2,placeholder
brain on fire my month of madness,placeholder
wicked lovely wicked lovely 1,placeholder
curious george,placeholder
the neverending story,placeholder
a beautiful mind,placeholder
the jungle,placeholder
the summoning darkest powers 1,placeholder
the man who mistook his wife for a hat and other clinical tales,placeholder
eye of the needle,placeholder
the blind assassin,placeholder
hollow city miss peregrines peculiar children 2,placeholder
house of sand and fog,placeholder
the girl with all the gifts,placeholder
as i lay dying,placeholder
harold and the purple crayon,placeholder
lover eternal black dagger brotherhood 2,placeholder
second foundation foundation 3,placeholder
fool moon the dresden files 2,placeholder
david and goliath underdogs misfits and the art of battling giants,placeholder
fullmetal alchemist vol 1 fullmetal alchemist 1,placeholder
guards guards discworld 8,placeholder
the year of magical thinking,placeholder
we need to talk about kevin,placeholder
rendezvous with rama rama 1,placeholder
the queen of the damned the vampire chronicles 3,placeholder
the age of innocence,placeholder
the selfish gene,placeholder
year of wonders,placeholder
the black echo harry bosch 1 harry bosch universe 1,placeholder
anthem,placeholder
gabriels inferno gabriels inferno 1,placeholder
cloudy with a chance of meatballs,placeholder
major pettigrews last stand,placeholder
vision in white bride quartet 1,placeholder
the tenth circle,placeholder
the throne of fire kane chronicles 2,placeholder
old mans war old mans war 1,placeholder
geralds game,placeholder
two for the dough stephanie plum 2,placeholder
the joy of cooking,placeholder
the forever war the forever war 1,placeholder
insomnia,placeholder
reading lolita in tehran,placeholder
the blade itself the first law 1,placeholder
the arctic incident artemis fowl 2,placeholder
the shipping news,placeholder
the lifechanging magic of tidying up the japanese art of decluttering and organizing,placeholder
all the bright places,placeholder
déjà dead temperance brennan 1,placeholder
the alchemyst the secrets of the immortal nicholas flamel 1,placeholder
the marriage plot,placeholder
daughter of fortune,placeholder
luckiest girl alive,placeholder
crank crank 1,placeholder
the raven boys the raven cycle 1,placeholder
i am legend and other stories,placeholder
olive kitteridge,placeholder
not that kind of girl a young woman tells you what shes learned,placeholder
good to great why some companies make the leap and others dont,placeholder
fire graceling realm 2,placeholder
waiting for godot,placeholder
white fang,placeholder
wolves of the calla the dark tower 5,placeholder
his dark materials his dark materials 13,placeholder
the edge of never the edge of never 1,placeholder
reconstructing amelia,placeholder
one plus one,placeholder
the hours,placeholder
wallbanger cocktail 1,placeholder
holidays on ice,placeholder
desperation,placeholder
passion fallen 3,placeholder
the kill order maze runner 05,placeholder
angelfall penryn  the end of days 1,placeholder
empire falls,placeholder
the fires of heaven wheel of time 5,placeholder
ill give you the sun,placeholder
survivor,placeholder
shopaholic  baby shopaholic 5,placeholder
the dark tower the dark tower 7,placeholder
twilight directors notebook  the story of how we made the movie based on the novel by stephenie meyer,placeholder
shopaholic takes manhattan shopaholic 2,placeholder
surely youre joking mr feynman adventures of a curious character,placeholder
linger the wolves of mercy falls 2,placeholder
the complete anne of green gables boxed set anne of green gables 18,placeholder
a portrait of the artist as a young man,placeholder
the gathering storm wheel of time 12,placeholder
middlemarch,placeholder
point of retreat slammed 2,placeholder
the partner,placeholder
jrr tolkien 4book boxed set the hobbit and the lord of the rings,placeholder
thoughtless thoughtless 1,placeholder
presumed innocent,placeholder
the dark half,placeholder
cleopatra a life,placeholder
the world is flat a brief history of the twentyfirst century,placeholder
steelheart the reckoners 1,placeholder
the rainbow fish,placeholder
journey to the center of the earth extraordinary voyages 3,placeholder
the happiness project or why i spent a year trying to sing in the morning clean my closets fight right read aristotle and generally have more fun,placeholder
the man in the high castle,placeholder
helter skelter the true story of the manson murders,placeholder
dr seusss green eggs and ham for soprano boy soprano and orchestra,placeholder
inferno the divine comedy 1,placeholder
shadow of night all souls trilogy 2,placeholder
leaving time,placeholder
moon called mercy thompson 1,placeholder
blue bloods blue bloods 1,placeholder
the alienist dr laszlo kreizler 1,placeholder
between the world and me,placeholder
paradise lost,placeholder
the big short inside the doomsday machine,placeholder
the girl who loved tom gordon,placeholder
a monster calls,placeholder
towers of midnight wheel of time 13,placeholder
the day of the jackal,placeholder
rework,placeholder
attachments,placeholder
the twilight saga twilight 14,placeholder
tell the wolves im home,placeholder
all creatures great and small all creatures great and small 12,placeholder
the unbecoming of mara dyer mara dyer 1,placeholder
three to get deadly stephanie plum 3,placeholder
the scarlet pimpernel,placeholder
the monster at the end of this book,placeholder
tales of a fourth grade nothing fudge 1,placeholder
shadow and bone shadow and bone 1,placeholder
the dinner,placeholder
champion legend 3,placeholder
contact,placeholder
lola and the boy next door anna and the french kiss 2,placeholder
white teeth,placeholder
american sniper the autobiography of the most lethal sniper in us military history,placeholder
my horizontal life a collection of onenight stands,placeholder
the power of six lorien legacies 2,placeholder
the interestings,placeholder
the essential calvin and hobbes a calvin and hobbes treasury,placeholder
people of the book,placeholder
the secret keeper,placeholder
better homes and gardens new cook book  ,placeholder
so long and thanks for all the fish hitchhikers guide to the galaxy 4,placeholder
steppenwolf,placeholder
the surgeon rizzoli  isles 1,placeholder
the girl you left behind,placeholder
royal assassin farseer trilogy 2,placeholder
childhoods end,placeholder
the tale of despereaux,placeholder
animal vegetable miracle a year of food life,placeholder
heir of fire throne of glass 3,placeholder
lord of chaos wheel of time 6,placeholder
the sweetness at the bottom of the pie flavia de luce 1,placeholder
blue like jazz nonreligious thoughts on christian spirituality,placeholder
a breath of snow and ashes outlander 6,placeholder
the blood of olympus the heroes of olympus 5,placeholder
truly madly guilty,placeholder
saga vol 1 saga 1,placeholder
the art of fielding,placeholder
a moveable feast,placeholder
fablehaven fablehaven 1,placeholder
the wide window a series of unfortunate events 3,placeholder
grave peril the dresden files 3,placeholder
einstein his life and universe,placeholder
effortless thoughtless 2,placeholder
the street lawyer,placeholder
roll of thunder hear my cry logans 4,placeholder
pride and prejudice and zombies pride and prejudice and zombies 1,placeholder
lets explore diabetes with owls,placeholder
the idiot,placeholder
dirk gentlys holistic detective agency dirk gently 1,placeholder
rodrick rules diary of a wimpy kid 2,placeholder
why not me,placeholder
four a divergent story collection divergent 01  04,placeholder
modern romance,placeholder
the one and only ivan,placeholder
the perfect storm a true story of men against the sea,placeholder
elantris elantris 1,placeholder
the knife of never letting go chaos walking 1,placeholder
one thousand white women the journals of may dodd one thousand white women1,placeholder
handle with care,placeholder
song of susannah the dark tower 6,placeholder
reached matched 3,placeholder
midnights children,placeholder
the zombie survival guide complete protection from the living dead,placeholder
the testament,placeholder
murder at the vicarage miss marple 1,placeholder
among the hidden shadow children 1,placeholder
in defense of food an eaters manifesto,placeholder
the witch of blackbird pond,placeholder
the heir the selection 4,placeholder
shopaholic ties the knot shopaholic 3,placeholder
the woman in white,placeholder
career of evil cormoran strike 3,placeholder
the summer i turned pretty summer 1,placeholder
four to score stephanie plum 4,placeholder
the color of water a black mans tribute to his white mother,placeholder
superfreakonomics global cooling patriotic prostitutes and why suicide bombers should buy life insurance,placeholder
darkfever fever 1,placeholder
stone of tears sword of truth 2,placeholder
heart of the matter,placeholder
vanity fair,placeholder
the sirens of titan,placeholder
dolores claiborne,placeholder
the nest,placeholder
fables vol 1 legends in exile,placeholder
getting things done the art of stressfree productivity,placeholder
the celestine prophecy celestine prophecy 1,placeholder
my life next door,placeholder
winter of the world the century trilogy 2,placeholder
colorless tsukuru tazaki and his years of pilgrimage,placeholder
lucky,placeholder
to the lighthouse,placeholder
five point someone,placeholder
guilty pleasures anita blake vampire hunter 1,placeholder
i am the messenger,placeholder
far from the madding crowd,placeholder
equal rites discworld 3 witches 1,placeholder
house of leaves,placeholder
cruel  unusual kay scarpetta 4,placeholder
sycamore row,placeholder
awakened house of night 8,placeholder
my ántonia,placeholder
life as we knew it last survivors 1,placeholder
america the book a citizens guide to democracy inaction,placeholder
90 minutes in heaven a true story of death and life,placeholder
the longest ride,placeholder
tao te ching,placeholder
kane and abel kane and abel 1,placeholder
change of heart,placeholder
dry,placeholder
sams letters to jennifer,placeholder
grey fifty shades 4,placeholder
dune messiah dune chronicles 2,placeholder
the great divorce,placeholder
little earthquakes,placeholder
the complete fairy tales,placeholder
new moon the complete illustrated movie companion the twilight saga the official illustrated movie companion 2,placeholder
maybe someday maybe 1,placeholder
mr maybe,placeholder
anne of the island anne of green gables 3,placeholder
thus spoke zarathustra,placeholder
north and south,placeholder
a stolen life,placeholder
the immortals of meluha shiva trilogy 1,placeholder
the lost world jurassic park 2,placeholder
requiem delirium 3,placeholder
a crown of swords wheel of time 7,placeholder
aesops fables,placeholder
blood meridian or the evening redness in the west,placeholder
finale hush hush 4,placeholder
skeleton crew,placeholder
lullaby,placeholder
2 states the story of my marriage,placeholder
vampire knight vol 1 vampire knight 1,placeholder
summer knight the dresden files 4,placeholder
dragonflight dragonriders of pern 1,placeholder
the history of the hobbit part one mr baggins,placeholder
ugly love,placeholder
chocolat chocolat 1,placeholder
the amityville horror,placeholder
the english patient,placeholder
gabriels rapture gabriels inferno 2,placeholder
dubliners,placeholder
let the great world spin,placeholder
the eternity code artemis fowl 3,placeholder
tell no one,placeholder
the tommyknockers,placeholder
hex hall hex hall 1,placeholder
steal like an artist 10 things nobody told you about being creative,placeholder
cryptonomicon,placeholder
beautiful bastard beautiful bastard 1,placeholder
prodigal summer,placeholder
we were the mulvaneys,placeholder
understanding comics the invisible art,placeholder
beautiful darkness caster chronicles 2,placeholder
the psychopath test a journey through the madness industry,placeholder
vanishing acts,placeholder
absolute power,placeholder
hot six stephanie plum 6,placeholder
the time keeper,placeholder
a dirty job grim reaper 1,placeholder
moneyball the art of winning an unfair game,placeholder
the amulet of samarkand bartimaeus 1,placeholder
i am america and so can you,placeholder
the one minute manager,placeholder
exodus,placeholder
stones from the river,placeholder
the big sleep philip marlowe 1,placeholder
cannery row,placeholder
seriously im kidding,placeholder
the miserable mill a series of unfortunate events 4,placeholder
the snow child,placeholder
wait for you wait for you 1,placeholder
the last straw diary of a wimpy kid 3,placeholder
the divine comedy,placeholder
the tao of pooh,placeholder
onyx lux 2,placeholder
unravel me shatter me 2,placeholder
the birth of venus,placeholder
the opal deception  artemis fowl 4,placeholder
the girl in the spiders web millennium 4,placeholder
the girls,placeholder
the goose girl the books of bayern 1,placeholder
mystic river,placeholder
warm bodies warm bodies 1,placeholder
the prince and the pauper,placeholder
the moon is a harsh mistress,placeholder
the forty rules of love,placeholder
high five stephanie plum 5,placeholder
joyland,placeholder
attack on titan vol 1 attack on titan 1,placeholder
tender is the night,placeholder
cold sassy tree,placeholder
the glass menagerie,placeholder
my brilliant friend the neapolitan novels 1,placeholder
the 4hour workweek,placeholder
the monk who sold his ferrari a fable about fulfilling your dreams  reaching your destiny,placeholder
rules of civility,placeholder
ringworld ringworld 1,placeholder
between shades of gray,placeholder
frindle,placeholder
dog days diary of a wimpy kid 4,placeholder
the round house,placeholder
a wind in the door a wrinkle in time quintet 2,placeholder
free four tobias tells the divergent knifethrowing scene divergent 15,placeholder
a little life,placeholder
y the last man vol 1 unmanned,placeholder
the alloy of law mistborn 4,placeholder
dead reckoning sookie stackhouse 11,placeholder
the accidental tourist,placeholder
aristotle and dante discover the secrets of the universe aristotle and dante discover the secrets of the universe 1,placeholder
the invisible man,placeholder
hardboiled wonderland and the end of the world,placeholder
by the river piedra i sat down and wept,placeholder
the swiss family robinson  ,placeholder
four past midnight ,placeholder
the marriage bargain marriage to a billionaire 1,placeholder
anne of avonlea anne of green gables 2,placeholder
the little engine that could,placeholder
we are all completely beside ourselves,placeholder
children of the mind enders saga 4,placeholder
ulysses,placeholder
someone like you,placeholder
molokai,placeholder
the witching hour lives of the mayfair witches 1,placeholder
this present darkness darkness 1,placeholder
the coincidence of callie  kayden the coincidence 1,placeholder
fates and furies,placeholder
summer sisters,placeholder
stuart little,placeholder
the foundation trilogy foundation 13,placeholder
the elegant universe superstrings hidden dimensions and the quest for the ultimate theory,placeholder
the austere academy a series of unfortunate events 5,placeholder
seven up stephanie plum 7,placeholder
the awakening darkest powers 2,placeholder
death masks the dresden files 5,placeholder
stellaluna,placeholder
before they are hanged the first law 2,placeholder
loving frank,placeholder
hard eight stephanie plum 8,placeholder
the vile village a series of unfortunate events 7,placeholder
sybil the classic true story of a woman possessed by sixteen personalities,placeholder
cosmos,placeholder
haunted,placeholder
the shell seekers,placeholder
what is the what,placeholder
chronicle of a death foretold,placeholder
a scandal in bohemia the adventures of sherlock holmes 1,placeholder
killing lincoln the shocking assassination that changed america forever,placeholder
the lowland,placeholder
the ruins of gorlan rangers apprentice 1,placeholder
wintergirls,placeholder
the brethren,placeholder
assassins quest farseer trilogy 3,placeholder
rosemarys baby,placeholder
the talisman the talisman 1,placeholder
the path of daggers wheel of time 8,placeholder
the dharma bums,placeholder
the reckoning darkest powers 3,placeholder
behind the beautiful forevers life death and hope in a mumbai undercity,placeholder
mary poppins mary poppins 1,placeholder
red seas under red skies gentleman bastard 2,placeholder
the house on mango street,placeholder
city of thieves,placeholder
halfway to the grave night huntress 1,placeholder
the twits,placeholder
abhorsen abhorsen 3,placeholder
the beach house,placeholder
the eyes of the dragon,placeholder
children of dune dune chronicles 3,placeholder
leviathan wakes the expanse 1,placeholder
queen of shadows throne of glass 4,placeholder
maus ii a survivors tale and here my troubles began maus 2,placeholder
the snowy day,placeholder
to the nines stephanie plum 9,placeholder
where we belong,placeholder
the hot zone the terrifying true story of the origins of the ebola virus,placeholder
sputnik sweetheart,placeholder
the signature of all things,placeholder
eats shoots  leaves the zero tolerance approach to punctuation,placeholder
dead witch walking the hollows 1,placeholder
the night before christmas,placeholder
an echo in the bone outlander 7,placeholder
unearthly unearthly 1,placeholder
the case for christ,placeholder
knife of dreams wheel of time 11,placeholder
hoot,placeholder
the aeneid,placeholder
this is how you lose her,placeholder
after dark,placeholder
ishmaela novel,placeholder
its not summer without you summer 2,placeholder
pushing the limits pushing the limits 1,placeholder
quidditch through the ages,placeholder
miss nelson is missing miss nelson 1,placeholder
the long walk,placeholder
the ersatz elevator a series of unfortunate events 6,placeholder
messenger the giver 3,placeholder
lover revealed black dagger brotherhood 4,placeholder
salems lot,placeholder
the mysterious benedict society the mysterious benedict society 1,placeholder
god is not great how religion poisons everything,placeholder
never too far rosemary beach 2 too far 2,placeholder
state of fear,placeholder
the statistical probability of love at first sight,placeholder
the golems eye bartimaeus 2,placeholder
still life with woodpecker,placeholder
those who save us,placeholder
the broker,placeholder
across the universe across the universe 1,placeholder
the road less traveled a new psychology of love traditional values and spiritual growth,placeholder
blood rites the dresden files 6,placeholder
the boxcar children the boxcar children 1,placeholder
the silent wife,placeholder
how to be a woman,placeholder
a court of mist and fury a court of thorns and roses 2,placeholder
life,placeholder
unaccustomed earth,placeholder
the pilots wife,placeholder
white noise,placeholder
band of brothers e company 506th regiment 101st airborne from normandy to hitlers eagles nest,placeholder
the origin of species,placeholder
blankets,placeholder
the story of edgar sawtelle,placeholder
drowning ruth,placeholder
post office,placeholder
all the pretty horses the border trilogy 1,placeholder
the complete sherlock holmes vol 2,placeholder
one piece volume 01 romance dawn one piece 1,placeholder
the last unicorn the last unicorn 1,placeholder
magyk septimus heap 1,placeholder
fever 1793,placeholder
the likeness dublin murder squad 2,placeholder
dead wake the last crossing of the lusitania,placeholder
the jungle book,placeholder
i am pilgrim pilgrim 1,placeholder
howl and other poems,placeholder
dont sweat the small stuff  and its all small stuff simple ways to keep the little things from taking over your life,placeholder
go the fuck to sleep,placeholder
mostly harmless hitchhikers guide to the galaxy 5,placeholder
benjamin franklin an american life,placeholder
the tigers wife,placeholder
poison study study 1,placeholder
lover unbound black dagger brotherhood 5,placeholder
going postal discworld 33 moist von lipwig 1,placeholder
the book of mormon another testament of jesus christ,placeholder
the mist,placeholder
dead beat the dresden files 7,placeholder
golden son red rising 2,placeholder
night watch discworld 29 city watch 6,placeholder
the light fantastic discworld 2 rincewind 2,placeholder
what the dog saw and other adventures,placeholder
pretty girls,placeholder
last argument of kings the first law 3,placeholder
revival,placeholder
horton hears a who,placeholder
the blind side evolution of a game,placeholder
lirael abhorsen 2,placeholder
schools outforever maximum ride 2,placeholder
black butler vol 1 black butler 1,placeholder
winter the lunar chronicles 4,placeholder
the strange case of dr jekyll and mr hyde and other tales of terror,placeholder
the hunger games tribute guide,placeholder
the warded man demon cycle 1,placeholder
the pilgrims progress,placeholder
one shot jack reacher 9,placeholder
the serpents shadow kane chronicles 3,placeholder
duma key,placeholder
the house at riverton,placeholder
winters heart wheel of time 9,placeholder
proven guilty the dresden files 8,placeholder
notes from underground white nights the dream of a ridiculous man and selections from the house of the dead,placeholder
the heart is a lonely hunter,placeholder
the infinite sea the 5th wave 2,placeholder
the once and future king the once and future king 14,placeholder
